{
  "drive": {
    "p": 0.0020645,
    "i": 0,
    "d": 0,
    "f": 0.000,
    "iz": 0
  },
  "angle": {
    "p": 0.0063,
    "i": 0,
    "d": 0,
    "f": 0.00015,
    "iz": 0
  }
}